{"avg_page_count": 176.58479532163742, "avg_real_count_per_page": 0.4500516862757504, "avg_synthetic_count_per_page": 0.2503006245821746, "avg_visual_aid_count_per_page": 1.1138102575651927, "avg_non_visual_count_per_page": 0.8480821923360414, "avg_real_count": 76.95883835315331, "avg_synthetic_count": 42.801406803551856, "avg_visual_aid_count": 190.46155404364794, "avg_non_visual_count": 145.02205488946308}